{
  "data": [
    {
      "id": "1",
      "客源": "設計師",
      "起始日": "2019/11/02",
      "案件名稱": "Ken Huang for Bowen Chiu case",
      "金額": "2005023",
      "交期": "2019/12/05",
      "人員": "Bowen Chiu",
      "優先次序": "yellow",
      "階段": "01_尚未簽約",
      "產品類別": "桌子",
      "備註1": "xxx這是備註001這是備註001這是備註001",
      "備註2": "xxx這是備註002這是備註002這是備註002",
      "備註3": "xxx這是備註003這是備註003這是備註003"
    },
    {
      "id": "2",
      "客源": "設計師",
      "起始日": "2019/11/02",
      "案件名稱": "我覺得簡單的手機也可以賣",
      "金額": "2005023",
      "交期": "2019/12/05",
      "人員": "Bowen Chiu",
      "優先次序": "yellow",
      "階段": "01_尚未簽約",
      "產品類別": "桌子",
      "備註1": "aaa這是備註001這是備註001這是備註001",
      "備註2": "aaa這是備註002這是備註002這是備註002",
      "備註3": "aaa這是備註003這是備註003這是備註003"
    },
    {
      "id": "2",
      "客源": "設計師",
      "起始日": "2019/11/02",
      "案件名稱": "這是一個電腦的銷售案件",
      "金額": "2005023",
      "交期": "2019/12/05",
      "人員": "Bowen Chiu",
      "優先次序": "yellow",
      "階段": "01_尚未簽約",
      "產品類別": "桌子",
      "備註1": "bbb這是備註001這是備註001這是備註001",
      "備註2": "bbb這是備註002這是備註002這是備註002",
      "備註3": "bbb這是備註003這是備註003這是備註003"
    }
  ]
}
