[
  {
    "type": "diseaseName",
    "title": "阿米巴性痢疾"
  },
  {
    "type": "radio",
    "title": "臨床症狀",
    "text": "有無症狀",
    "list": [
      "有",
      "無"
    ]
  },
  {
    "type": "checkbox",
    "title": "主要症狀",
    "list": [
      "發燒",
      "腹痛",
      "腹瀉",
      "嘔吐",
      "黏液便",
      "噁心",
      "右上腹疼痛",
      "裏急後重",
      "慢性腹瀉",
      "糞便中帶血絲",
      "間歇性下痢"
    ]
  },
  {
    "type": "h2",
    "title": "通報時檢驗資料"
  },
  {
    "type": "checkbox",
    "list": [
      "糞便鏡檢發現疑似痢疾阿米巴"
    ]
  },
  {
    "type": "checkbox",
    "list": [
      "組織病理切片檢查發現痢疾阿米巴"
    ]
  },
  {
    "type": "input",
    "title": "研判病理專科醫生"
  },
  {
    "type": "checkbox",
    "list": [
      "二次血清學檢查顯示痢疾阿米巴抗體效價升高"
    ]
  },
  {
    "type": "input",
    "title": "第一次抗體效價為"
  },
  {
    "type": "date",
    "title": "檢測日期為"
  },
  {
    "type": "input",
    "title": "第二次抗體效價為"
  },
  {
    "type": "date",
    "title": "檢測日期為"
  },
  {
    "type": "input",
    "title": "檢驗方式"
  },
  {
    "type": "checkbox",
    "list": [
      "超音波或電腦斷層診斷為肝膿瘍，且血清學檢查顯示陽性之痢疾阿米巴抗體者"
    ]
  },
  {
    "type": "input",
    "title": "抗體效價"
  },
  {
    "type": "input",
    "title": "檢驗方法"
  },
  {
    "type": "checkbox",
    "list": [
      "其他醫院檢查結果"
    ]
  },
  {
    "type": "input",
    "title": "原因"
  },
  {
    "type": "radio",
    "title": "是否病例屬高危險群",
    "list": [
      "是",
      "否"
    ]
  },
  {
    "type": "json",
    "file": "../json/disease_流行病學資料.json"
  },
  {
    "type": "h2",
    "title": "病例屬高危險群：（可複選）"
  },
  {
    "type": "checkbox",
    "list": [
      "(1)HIV陽性",
      "(2)同性戀或雙性戀",
      "(3)精神病患或智能障礙者",
      "(4)長期照護矯正機關（構）之住民或工作人員",
      "(5)外籍勞工"
    ]
  }
]