[
  {
    "type": "diseaseName",
    "title": "漢他病毒出血熱"
  },
  {
    "type": "radio",
    "title": "臨床症狀",
    "text": "有無症狀",
    "list": [
      "有",
      "無"
    ]
  },
  {
    "type": "checkbox",
    "title": "主要症狀",
    "list": [
      "出血症狀",
      "肌肉酸痛",
      "背痛",
      "發燒",
      "腹瀉",
      "嘔吐",
      "頭痛",
      "噁心",
      "腎臟功能異常",
      "視力模糊"
    ],
    "input": "其他症狀"
  },
  {
    "type": "json",
    "file": "../json/disease_流行病學資料有疫苗.json"
  }
]