[
  {
    "type": "diseaseName",
    "title": "梅毒"
  },
  {
    "type": "radio",
    "title": "臨床症狀",
    "text": "有無症狀",
    "list": [
      "有",
      "無"
    ]
  },
  {
    "type": "checkbox",
    "title": "主要症狀",
    "list": [
      "心臟血管性梅毒",
      "肌肉痛",
      "神經性梅毒",
      "皮膚梅毒腫",
      "淋巴腺腫大",
      "斑疹",
      "無痛性潰瘍",
      "發燒",
      "硬性下疳",
      "頭痛",
      "關節痛",
      "咽喉炎",
      "全身倦怠",
      "全身性淋巴腺腫大",
      "禿髮",
      "扁平濕疣",
      "丘疹"
    ],
    "input": "其他"
  },
  {
    "type": "h2",
    "title": "通報時檢驗資料",
    "text": "＊(1)及(2)皆須填寫，其中RPR、VDRL至少擇一，且TPHA、TPPA、FTA-abs(+)、TPLA(+)、 EIA(+)、CIA(+)/CMIA(+)至少擇一。"
  },
  {
    "type": "h3",
    "title": "未曾接受梅毒治療或病史不清楚者"
  },
  {
    "type": "h4",
    "title": "(1)血清學非特異性梅毒螺旋體試驗"
  },
  {
    "type": "checkbox",
    "list": [
      [
        "input",
        "RPR(+)效價=1:"
      ],
      [
        "input",
        "VDRL(+)效價=1:"
      ]
    ]
  },
  {
    "type": "h4",
    "title": "(2)特異性梅毒螺旋體試驗"
  },
  {
    "type": "checkbox",
    "list": [
      [
        "input",
        "TPHA=1:"
      ],
      [
        "input",
        "TPPA=1:"
      ],
      [
        "checkbox",
        "FTA-abs(+)"
      ],
      [
        "checkbox",
        "EIA(+)"
      ],
      [
        "checkbox",
        "CIA(+)/CMIA(+)"
      ]
    ]
  },
  {
    "type": "h3",
    "title": "臨床檢體（病灶滲出液、組織等）以下列方法檢測出梅毒螺旋體"
  },
  {
    "type": "checkbox",
    "list": [
      "暗視野顯微鏡",
      "螢光抗體檢驗",
      "核酸檢驗"
    ]
  },
  {
    "type": "h3",
    "title": "腦脊髓液性病研究實驗室試驗"
  },
  {
    "type": "checkbox",
    "list": [
      "CSF-VDRL(+)效價=1:"
    ]
  },
  {
    "type": "h3",
    "title": "曾經接受梅毒治療者"
  },
  {
    "type": "h4",
    "title": "血清學非特異性梅毒螺旋體試驗"
  },
  {
    "type": "checkbox",
    "list": [
      "效價≧4倍上升",
      "VDRL效價≧ 4倍上升"
    ]
  },
  {
    "type": "json",
    "file": "../json/disease_流行病學資料.json"
  },
  {
    "type": "radio",
    "title": "是否進行愛滋病毒篩檢",
    "list": [
      "是",
      "否"
    ],
    "date": "篩檢日期"
  },
  {
    "type": "radio",
    "title": "個案是否懷孕",
    "list": [
      "是",
      "否"
    ],
    "input": "妊娠週數為"
  }
]
