[
  {
    "type": "diseaseName",
    "title": "兔熱病"
  },
  {
    "type": "radio",
    "title": "臨床症狀",
    "text": "有無症狀",
    "list": [
      "有",
      "無"
    ]
  },
  {
    "type": "checkbox",
    "title": "主要症狀",
    "list": [
      "肌肉痛",
      "肝臟腫大",
      "淋巴腺腫大",
      "發燒",
      "頭痛",
      "全身倦怠",
      "盜汗",
      "猝發性冷顫",
      "潰瘍腺體型(ulceroglandular type)：伴隨局部性淋巴腺結節腫大的皮膚潰瘍。在病原入侵處會產生一小潰瘍，輕度疼痛，皮膚可見發炎、膿瘍性丘疹，之後潰瘍附近的腋下或腹股溝淋巴結腫大或壞死。",
      "腺體型(glandular type)：有一個或以上腫大疼痛的淋巴結，但無原發性皮膚潰瘍。",
      "眼部及口咽型(oculoglandular type and oropharyngeal type)：發膿結膜炎，眼瞼有黃色的肉芽腫，並伴隨耳前淋巴腺炎；咽頭炎或扁桃腺炎並伴隨頸部淋巴腺炎；眼結膜及咽部潰瘍，頸或頜下淋巴結腫大或化膿，形成潰瘍。",
      "胃腸型(intestinal type)：除會發冷、發熱外，還會有腹痛、噁心、嘔吐、腹瀉、腸道膜淋巴結腫大等現象，偶有腹膜炎。",
      "肋膜肺部型(pleuropulmonary type)：病徵為咳嗽、少痰、胸骨壓痛。可能併發支氣管發炎、肺炎、肺囊腫、初級肺肋膜病變或胸膜炎等，肺門淋巴結異常腫大。",
      "類傷寒型(typhoidal type)：出現類似傷寒之肝脾腫大。",
      "脾臟腫大",
      "感染部位疼痛"
    ],
    "input": "其他症狀"
  },
  {
    "type": "json",
    "file": "../json/disease_流行病學資料有疫苗.json"
  }
]