[
  {
    "type": "diseaseName",
    "title": "流行性腮腺炎"
  },
  {
    "type": "radio",
    "title": "臨床症狀",
    "text": "有無症狀",
    "list": [
      "有",
      "無"
    ]
  },
  {
    "type": "checkbox",
    "title": "主要症狀",
    "list": [
      "單或雙側腮腺(或其他唾液腺)疼痛",
      "臉頰腫脹",
      "腮腺疼痛腫脹急性發作，且無其他明顯原因"
    ],
    "input": "其他症狀"
  },
  {
    "type": "json",
    "file": "../json/disease_流行病學資料有疫苗.json"
  }
]