[
  {
    "type": "diseaseName",
    "title": "地方性斑疹傷寒"
  },
  {
    "type": "radio",
    "title": "臨床症狀",
    "text": "有無症狀",
    "list": [
      "有",
      "無"
    ]
  },
  {
    "type": "checkbox",
    "title": "主要症狀",
    "list": [
      "皮疹/紅疹/出疹",
      "肌肉酸痛",
      "畏寒/寒顫",
      "發燒",
      "頭痛",
      "全身倦怠",
      "骨頭痛"
    ],
    "input": "其他"
  },
  {
    "type": "json",
    "file": "../json/disease_流行病學資料有疫苗.json"
  }
]