[
  {
    "type": "diseaseName",
    "title": "C肝"
  },
  {
    "type": "h2",
    "title": "臨床症狀"
  },
  {
    "type": "radio",
    "title": "臨床症狀",
    "text": "有無症狀",
    "list": [
      "有",
      "無"
    ]
  },
  {
    "type": "checkbox",
    "title": "主要症狀",
    "list": [
      "大便變成白色或比平常顏色淡許多",
      "皮疹/紅疹/出疹",
      "皮膚癢",
      "食慾不振",
      "茶色小便",
      "發燒",
      "黃疸",
      "腹痛",
      "嘔吐",
      "頭痛",
      "關節痛",
      "噁心",
      "全身倦怠",
      "腹部不舒服"
    ],
    "input": "其他症狀"
  },
  {
    "type": "radio",
    "text": "經醫師臨床診斷「排除慢性肝炎急性發作或其他原因引起之肝功能異常發炎」：",
    "list": [
      "有",
      "無",
      "通報醫師研判為不明"
    ]
  },
  {
    "type": "h2",
    "title": "通報時檢驗資料"
  },
  {
    "type": "input",
    "title": "ALT 檢驗值："
  },
  {
    "type": "radio",
    "text": "血清學C型肝炎病毒抗體(anti-HCV)檢測：",
    "list": [
      "曾檢驗陰性，後於一年內轉變成C型肝炎病毒抗體陽性",
      "單一次檢驗陽性",
      "陰性",
      "無檢驗"
    ]
  },
  {
    "type": "h4",
    "title": "本項檢測應由衛生福利部疾病管制署傳染病認可檢驗機構檢驗"
  },
  {
    "type": "radio",
    "text": "血清C型肝炎病毒核酸檢測：",
    "list": [
      "陽性",
      "陰性",
      "無檢驗"
    ]
  },
  {
    "type": "h4",
    "title": "本項檢測送疾病管制署確認，由疾病管制署傳染病認可檢驗機構檢驗者除外"
  },
  {
    "type": "json",
    "file": "../json/disease_流行病學資料有疫苗.json"
  }
]
