[
  {
    "type": "diseaseName",
    "title": "日本腦炎"
  },
  {
    "type": "radio",
    "title": "臨床症狀",
    "text": "有無症狀",
    "list": [
      "有",
      "無"
    ]
  },
  {
    "type": "checkbox",
    "title": "主要症狀",
    "list": [
      "發燒",
      "嘔吐",
      "頸部僵硬",
      "頭痛",
      "意識障礙",
      "抽筋",
      "肌張力異常",
      "精神症狀(譫妄、意識不清等)"
    ],
    "input": "其他症狀"
  },
  {
    "type": "json",
    "file": "../json/disease_流行病學資料有疫苗.json"
  }
]