[
  {
    "type": "diseaseName",
    "title": "腸病毒併發重症"
  },
  {
    "type": "radio",
    "title": "臨床症狀",
    "text": "有無症狀",
    "list": [
      "有",
      "無"
    ]
  },
  {
    "type": "checkbox",
    "title": "主要症狀",
    "list": [
      "肌抽躍",
      "手足口症",
      "皮疹/紅疹/出疹",
      "呼吸困難",
      "咳嗽",
      "急性無力肢體麻痺",
      "流鼻水",
      "泡疹性咽峽炎",
      "發燒",
      "嗜睡",
      "嘔吐",
      "肌肉無力"
    ],
    "input": "其他"
  },
  {
    "type": "radio",
    "title": "疑似腸病毒感染併發重症通報條件：",
    "list": [
      "1.出現典型的手足口病或疱疹性咽峽炎，同時有肌躍型抽搐(myoclonic jerks)之症狀，或併發腦炎、急性肢體麻痺症候群、急性肝炎、心肌炎、急性心肌病變、心肺衰竭等嚴重病例。",
      "2.無手足口病或疱疹性咽峽炎，但出現呼吸道感染症狀，伴有腦幹腦炎或急性無力脊髓炎，懷疑為腸病毒感染導致者。",
      "3.出生三個月內嬰兒，出現心肌炎、肝炎、腦炎、血小板下降、多發性器官衰竭等敗血症徵候，並排除細菌等其他常見病原感染者。"
    ]
  },
  {
    "type": "json",
    "file": "../json/disease_流行病學資料.json"
  },
  {
    "type": "radio",
    "title": "個案狀況維護與補充資料",
    "text": "癒後：",
    "list": [
      "住院中",
      "出院",
      "死亡"
    ],
    "date": "死亡日期："
  }
]