[
  {
    "type": "diseaseName",
    "title": "MERS"
  },
  {
    "type": "radio",
    "title": "臨床症狀",
    "text": "有無症狀",
    "list": [
      "有",
      "無"
    ]
  },
  {
    "type": "checkbox",
    "title": "主要症狀",
    "list": [
      "肌肉酸痛",
      "呼吸困難",
      "咳嗽",
      "流鼻水",
      "喉嚨痛",
      "發燒",
      "腹瀉",
      "嘔吐",
      "全身倦怠",
      "尿量減少",
      "血尿"
    ],
    "input": "其他"
  },
  {
    "type": "radio",
    "title": "臨床條件",
    "text": "臨床條件",
    "list": [
      "急性呼吸道感染，臨床症狀可能包括發燒（≧38℃）及咳嗽",
      "臨床、放射線診斷或病理學上顯示肺部實質疾病"
    ]
  },
  {
    "type": "json",
    "file": "../json/disease_流行病學資料有疫苗.json"
  },
  {
    "type": "radio",
    "title": "流行病學條件",
    "list": [
      "發病前14日內，曾經與出現症狀的極可能病例或確定病例有密切接觸，包括在無適當防護下提供照護、相處、或有呼吸道分泌物、體液之直接接觸",
      "發病前14日內，具有中東呼吸症候群冠狀病毒疫情流行地區之旅遊或居住史。"
    ]
  },
  {
    "type": "radio",
    "title": "慢性疾病病史：",
    "list": [
      "有",
      "無"
    ]
  },
  {
    "type": "checkbox",
    "title": "若為有時，需選擇下列類別至少一項：",
    "list": [
      "精神疾病",
      "神經肌肉疾病",
      "慢性肺疾(如氣喘、慢性阻塞性肺疾等)",
      "代謝性疾病(如糖尿病、高血脂等)",
      "心血管疾病(高血壓除外)",
      "肝臟疾病(如肝炎、肝硬化等)",
      "腎臟疾病(如慢性腎功能不全、長期接受血液或腹膜透析等)",
      "仍在治療中或未治癒之癌症",
      "因HIV感染或藥物引起之免疫低下",
      "懷孕"
    ],
    "input": "其他"
  },
  {
    "type": "radio",
    "title": "個案狀況維護與補充資料",
    "text": "發病後是否有出現嚴重併發症：",
    "list": [
      "是",
      "否"
    ]
  },
  {
    "type": "checkbox",
    "title": "若為是時，續填以下欄位(可複選)：",
    "list": [
      "呼吸衰竭需呼吸器治療",
      "腎臟衰竭需洗腎",
      "其他併發症"
    ]
  }
]
