[
  {
    "type": "diseaseName",
    "title": "狂犬病"
  },
  {
    "type": "radio",
    "title": "",
    "text": "有無症狀",
    "list": [
      "有",
      "無"
    ]
  },
  {
    "type": "checkbox",
    "title": "主要症狀",
    "list": [
      "吞嚥困難",
      "喉嚨痛",
      "發燒",
      "嘔吐",
      "精神錯亂",
      "頸部僵硬",
      "頭痛",
      "抽搐",
      "焦慮",
      "動物咬傷部",
      "焦燥",
      "恐懼氣流",
      "麻痺",
      "咽喉部肌肉痙攣",
      "恐水現象"
    ],
    "input": "其他"
  },
  {
    "type": "json",
    "file": "../json/disease_流行病學資料.json"
  }
]