[
  {
    "type": "diseaseName",
    "title": "鼠疫"
  },
  {
    "type": "radio",
    "title": "臨床症狀",
    "text": "有無症狀",
    "list": [
      "有",
      "無"
    ]
  },
  {
    "type": "checkbox",
    "title": "主要症狀",
    "list": [
      "皮下出血",
      "休克",
      "肺炎",
      "咳嗽",
      "畏寒/寒顫",
      "敗血症",
      "淋巴腺腫大",
      "喉嚨痛",
      "發燒",
      "腹痛",
      "腹瀉",
      "嘔吐",
      "頭痛"
    ],
    "input": "其他"
  },
  {
    "type": "json",
    "file": "../json/disease_流行病學資料.json"
  }
]