[
  {
    "type": "diseaseName",
    "title": "流感併發重症"
  },
  {
    "type": "radio",
    "title": "臨床症狀",
    "text": "有無症狀",
    "list": [
      "有",
      "無"
    ]
  },
  {
    "type": "checkbox",
    "title": "主要症狀",
    "list": [
      "肌肉酸痛",
      "呼吸困難",
      "咳嗽",
      "喉嚨痛",
      "發燒",
      "呼吸急促",
      "X光片顯示肺炎",
      "腦炎",
      "急性腦病變"
    ],
    "input": "其他"
  },
  {
    "type": "h3",
    "title": "臨床表現"
  },
  {
    "type": "checkbox",
    "list": [
      "類流感症狀，需同時符合下列三項條件： (1)突然發病、有發燒(耳溫≧38℃)及呼吸道症狀；(2)且有肌肉酸痛或頭痛或極度倦怠感；(3)須排除單純性流鼻水、扁桃腺炎及支氣管炎。（本項為判定是否為流感併發重症之重要前提要件之一，通報者應確實詢問相關病史及登錄）"
    ]
  },
  {
    "type": "h4",
    "title": "下列併發症選項至少勾選一項"
  },
  {
    "type": "checkbox",
    "title": "下列併發症選項至少勾選一項",
    "list": [
      "1.肺部併發症(Pulmonary complication) 肺部X光有新的浸潤或實質化(New infiltrates or consolidation)",
      "2.神經系統併發症(Neurological complication)",
      "3.心肌炎(myocarditis)或心包膜炎(pericarditis)",
      "4.侵襲性細菌感染(Invasive bacterial infection)",
      "5.其他(Other)"
    ],
    "input": "如勾選其他，請註明："
  },
  {
    "type": "json",
    "file": "../json/disease_流行病學資料有疫苗.json"
  },
  {
    "type": "radio",
    "title": "抗病毒藥物開立：(必填欄位)",
    "list": [
      "有",
      "無"
    ]
  },
  {
    "type": "date",
    "title": "開立日："
  },
  {
    "type": "radio",
    "title": "慢性疾病病史及相關危險因子：(必填欄位)",
    "list": [
      "有",
      "無"
    ]
  },
  {
    "type": "h4",
    "title": "若為\"有\"時，需選擇下列類別至少一項："
  },
  {
    "type": "checkbox",
    "list": [
      [
        "checkbox",
        "精神疾病"
      ],
      [
        "checkbox",
        "神經肌肉疾病"
      ],
      [
        "checkbox",
        "氣喘"
      ],
      [
        "checkbox",
        "慢性肺疾(如支氣管擴張、慢性阻塞性肺疾等，氣喘除外)"
      ],
      [
        "checkbox",
        "糖尿病"
      ],
      [
        "checkbox",
        "代謝性疾病(如高血脂，糖尿病除外)"
      ],
      [
        "checkbox",
        "心血管疾病(高血壓除外)"
      ],
      [
        "checkbox",
        "肝臟疾病(如肝炎、肝硬化等)"
      ],
      [
        "checkbox",
        "腎臟疾病(如慢性腎功能不全、長期接受血液或腹膜透析等)"
      ],
      [
        "checkbox",
        "仍在治療中或未治癒之癌症"
      ],
      [
        "input",
        "免疫低下狀態，說明(免疫低下說明)："
      ],
      [
        "input",
        "懷孕：週數 (週)："
      ],
      [
        "checkbox",
        "肥胖(BMI≧30)"
      ]
    ],
    "input": "其他"
  },
  {
    "type": "h4",
    "title": "如勾選其他，請註明："
  },
  {
    "type": "radio",
    "title": "同住家人或照護者是否出現實驗室確診為流感病患：(必填欄位)",
    "list": [
      "有",
      "無"
    ]
  },
  {
    "type": "input",
    "title": "若是，姓名與關係："
  },
  {
    "type": "input",
    "title": "實驗室確診醫院名稱："
  }
]
