[
  {
    "type": "diseaseName",
    "title": "茲卡"
  },
  {
    "type": "radio",
    "title": "臨床症狀",
    "text": "有無症狀",
    "list": [
      "有",
      "無"
    ]
  },
  {
    "type": "checkbox",
    "title": "主要症狀",
    "list": [
      "皮疹/紅疹/出疹",
      "發燒",
      "關節炎",
      "肌肉痛",
      "關節痛",
      "非化膿性或充血性結膜炎"
    ],
    "input": "其他症狀"
  },
  {
    "type": "json",
    "file": "../json/disease_流行病學資料有疫苗.json"
  }
]