[
  {
    "type": "diseaseName",
    "title": "弓形蟲感染症"
  },
  {
    "type": "radio",
    "title": "臨床症狀",
    "text": "有無症狀",
    "list": [
      "有",
      "無"
    ]
  },
  {
    "type": "checkbox",
    "title": "主要症狀",
    "list": [
      "小腦症",
      "皮疹/紅疹/出疹",
      "肝臟腫大",
      "肺炎",
      "淋巴腺腫大",
      "鼻炎",
      "腦炎",
      "心肌炎",
      "視網膜脈絡膜炎",
      "結膜炎",
      "心包膜炎",
      "腦鈣化",
      "水腦",
      "青光眼",
      "新生兒黃疸",
      "脾臟腫大"
    ],
    "input": "其他症狀"
  },
  {
    "type": "json",
    "file": "../json/disease_流行病學資料有疫苗.json"
  }
]