[
  {
    "type": "diseaseName",
    "title": "瘧疾"
  },
  {
    "type": "radio",
    "title": "臨床症狀",
    "text": "有無症狀",
    "list": [
      "有",
      "無"
    ]
  },
  {
    "type": "checkbox",
    "title": "主要症狀",
    "list": [
      "休克",
      "肌肉痛",
      "昏迷",
      "畏寒/寒顫",
      "背痛",
      "發燒",
      "腎衰竭",
      "黃疸",
      "腹瀉",
      "嘔吐",
      "頭痛",
      "噁心",
      "脾臟腫大",
      "出汗",
      "急性腦病變",
      "肝衰竭"
    ],
    "input": "其他"
  },
  {
    "type": "json",
    "file": "../json/disease_流行病學資料有疫苗.json"
  }
]
