[
  {
    "type": "diseaseName",
    "title": "未定型肝炎"
  },
  {
    "type": "h2",
    "title": "臨床症狀"
  },
  {
    "type": "radio",
    "title": "臨床症狀",
    "text": "有無症狀",
    "list": [
      "有",
      "無"
    ]
  },
  {
    "type": "checkbox",
    "title": "主要症狀",
    "list": [
      "食慾不振",
      "茶色小便",
      "黃疸",
      "腹痛",
      "嘔吐",
      "噁心",
      "全身倦怠"
    ]
  },
  {
    "type": "h2",
    "title": "通報時檢驗資料"
  },
  {
    "type": "checkbox",
    "list": [
      "(1)血清學A型肝炎IgM抗體(IgM anti-HAV)檢測："
    ]
  },
  {
    "type": "radio",
    "list": [
      "陽性",
      "陰性"
    ]
  },
  {
    "type": "checkbox",
    "list": [
      "(2)血清學B型肝炎IgM核心抗體(IgM anti-HBc)檢測："
    ]
  },
  {
    "type": "radio",
    "list": [
      "陽性",
      "陰性"
    ]
  },
  {
    "type": "checkbox",
    "list": [
      "(3)血清學B型肝炎表面抗原(HBsAg)抗原檢測："
    ]
  },
  {
    "type": "radio",
    "list": [
      "陽性",
      "陰性"
    ]
  },
  {
    "type": "checkbox",
    "list": [
      "(4)血清學C型肝炎病毒抗體(anti-HCV)檢測："
    ]
  },
  {
    "type": "radio",
    "list": [
      "陽性",
      "陰性"
    ]
  },
  {
    "type": "h4",
    "title": "血清學A型肝炎IgM抗體(IgM anti-HAV)、血清學B型肝炎IgM核心抗體(IgM anti-HBc)、血清學C型肝炎病毒抗體(anti-HCV)檢測應由疾病管制署傳染病認可檢驗機構檢驗"
  },
  {
    "type": "checkbox",
    "list": [
      "(5)急性病毒性D、E型肝炎檢驗部分送疾病管制署確認"
    ]
  },
  {
    "type": "checkbox",
    "list": [
      "(6)已排除排除藥物、中毒性肝炎、自體免疫性肝炎、酒精性肝炎、膽道疾病、心血管疾病（如鬱血性心衰竭、休克等）"
    ]
  },
  {
    "type": "checkbox",
    "list": [
      "(7) ALT上升2.5倍以上"
    ]
  },
  {
    "type": "input",
    "title": "ALT 檢驗值："
  },
  {
    "type": "json",
    "file": "../json/disease_流行病學資料有疫苗.json"
  }
]
