[
  {
    "type": "diseaseName",
    "title": "拉薩熱"
  },
  {
    "type": "radio",
    "title": "臨床症狀",
    "text": "有無症狀",
    "list": [
      "有",
      "無"
    ]
  },
  {
    "type": "checkbox",
    "title": "主要症狀",
    "list": [
      "肌肉酸痛",
      "咳嗽",
      "喉嚨痛",
      "發燒",
      "腹瀉",
      "嘔吐",
      "頭痛",
      "噁心",
      "全身倦怠",
      "胸痛"
    ],
    "input": "其他"
  },
  {
    "type": "json",
    "file": "../json/disease_流行病學資料.json"
  }
]
