[
  {
    "type": "diseaseName",
    "title": "肉毒桿菌中毒"
  },
  {
    "type": "radio",
    "title": "臨床症狀",
    "text": "有無症狀",
    "list": [
      "有",
      "無"
    ]
  },
  {
    "type": "checkbox",
    "title": "主要症狀",
    "list": [
      "分泌障礙",
      "吞嚥困難",
      "便秘",
      "食慾不振",
      "眼瞼下垂",
      "視力下降",
      "腹瀉",
      "嘔吐",
      "複視",
      "調節障礙",
      "瞳孔散大",
      "全身倦怠",
      "弛緩性麻痺",
      "昏睡",
      "失去頭部控制",
      "肌肉無力"
    ],
    "input": "其他"
  },
  {
    "type": "json",
    "file": "../json/disease_流行病學資料有疫苗.json"
  }
]