[
  {
    "type": "diseaseName",
    "title": "退伍軍人病"
  },
  {
    "type": "radio",
    "title": "臨床症狀",
    "text": "有無症狀",
    "list": [
      "有",
      "無"
    ]
  },
  {
    "type": "checkbox",
    "title": "主要症狀",
    "list": [
      "肌肉酸痛",
      "呼吸困難",
      "肺炎",
      "咳嗽",
      "畏寒/寒顫",
      "發燒",
      "腹痛",
      "腹瀉",
      "頭痛",
      "噁心",
      "頭暈",
      "全身倦怠"
    ],
    "input": "其他"
  },
  {
    "type": "json",
    "file": "../json/disease_流行病學資料.json"
  }
]
