[
  {
    "type": "diseaseName",
    "title": "李斯特菌"
  },
  {
    "type": "radio",
    "title": "臨床症狀",
    "text": "有無症狀",
    "list": [
      "有",
      "無"
    ]
  },
  {
    "type": "checkbox",
    "title": "主要症狀",
    "list": [
      "敗血症",
      "腦膜腦炎",
      "腦膜炎",
      "菌血症(Bacteremia)",
      "流產",
      "死產",
      "早產"
    ],
    "input": "其他症狀"
  },
  {
    "type": "json",
    "file": "../json/disease_流行病學資料有疫苗.json"
  },
  {
    "type": "h2",
    "title": "個案狀況維護與補充資料"
  }
]