[
  {
    "type": "diseaseName",
    "title": "腸病毒感染併發重症"
  },
  {
    "type": "radio",
    "title": "臨床症狀",
    "text": "有無症狀",
    "list": [
      "有",
      "無"
    ]
  },
  {
    "type": "checkbox",
    "title": "主要症狀",
    "list": [
      "肌抽躍",
      "手足口症",
      "皮疹/紅疹/出疹",
      "呼吸困難",
      "咳嗽",
      "急性無力肢體麻痺",
      "流鼻水",
      "泡疹性咽峽炎",
      "發燒",
      "嗜睡",
      "嘔吐",
      "肌肉無力"
    ],
    "input": "其他症狀"
  },
  {
    "type": "json",
    "file": "../json/disease_流行病學資料有疫苗.json"
  }
]