[
  {
    "type": "diseaseName",
    "title": "麻疹"
  },
  {
    "type": "radio",
    "title": "臨床症狀",
    "text": "有無症狀",
    "list": [
      "有",
      "無"
    ]
  },
  {
    "type": "checkbox",
    "title": "主要症狀",
    "list": [
      "皮疹/紅疹/出疹",
      "咳嗽",
      "流鼻水",
      "科氏斑",
      "喉嚨痛",
      "發燒",
      "嘔吐",
      "頭痛",
      "關節痛",
      "噁心",
      "結膜炎",
      "全身倦怠",
      "畏光"
    ],
    "input": "其他症狀"
  },
  {
    "type": "h2",
    "text": "請確實檢視病人之臨床表現，同時詢問麻疹相關疫苗接種史及旅遊史，並自下列條件中勾選符合本次通報原因之項目："
  },
  {
    "type": "checkbox",
    "list": [
      "1.出疹",
      "2.發燒(耳溫或肛溫)高於38℃",
      "3.具有下列三項條件任一者：(可複選)",
      "(1)具有咳嗽、流鼻水或結膜炎(畏光、流淚水或眼睛發紅)三種症狀其中的一種",
      "(2)無麻疹相關疫苗接種史",
      "(3)發病前三週內，曾有麻疹流行地區旅遊史"
    ],
    "input": "4.其他，請說明："
  },
  {
    "type": "json",
    "file": "../json/disease_流行病學資料有疫苗.json"
  }
]