[
  {
    "type": "diseaseName",
    "title": "泡疹B病毒感染症"
  },
  {
    "type": "radio",
    "title": "臨床症狀",
    "text": "有無症狀",
    "list": [
      "有",
      "無"
    ]
  },
  {
    "type": "checkbox",
    "title": "主要症狀",
    "list": [
      "淋巴腺腫大",
      "發燒",
      "嘔吐",
      "頸部僵硬",
      "頭痛",
      "噁心",
      "腦炎",
      "意識障礙",
      "結膜炎",
      "接觸部位肌肉無力或麻痺",
      "鼻竇炎",
      "腦幹症狀（複視、語言障礙、暈眩、交叉性麻痺、知覺異常、腦神經麻痺)",
      "接觸部位感覺異常",
      "中樞神經系統症狀",
      "外傷周邊出現水泡",
      "外傷周邊出現潰瘍",
      "接觸部位有刺激痛",
      "接觸部位有搔癢感"
    ],
    "input": "其他"
  },
  {
    "type": "json",
    "file": "../json/disease_流行病學資料.json"
  }
]
