[
  {
    "type": "diseaseName",
    "title": "登革熱"
  },
  {
    "type": "radio",
    "title": "臨床症狀",
    "text": "有無症狀",
    "list": [
      "有",
      "無"
    ]
  },
  {
    "type": "checkbox",
    "title": "主要症狀",
    "list": [
      "出血症狀",
      "皮疹/紅疹/出疹",
      "肌肉痛",
      "後眼窩痛",
      "發燒",
      "嘔吐",
      "頭痛",
      "關節痛",
      "噁心",
      "白血球減少",
      "血壓帶試驗陽性",
      "骨頭痛"
    ],
    "input": "其他症狀"
  },
  {
    "type": "radio",
    "title": "警示癥象",
    "text": "腹部疼痛及壓痛、持續性嘔吐、臨床上體液蓄積（腹水、胸水……）、黏膜出血、嗜睡/躁動不安、肝臟腫大超出肋骨下緣2公分、血比容增加（上升20%）伴隨血小板急速下降",
    "list": [
      "有(符合以上任一項)",
      "無"
    ]
  },
  {
    "type": "radio",
    "title": "通報時檢驗資料",
    "text": "登革熱快速檢驗結果",
    "tip": "．本檢驗結果必須為使用具有衛生福利部醫療器材許可證之登革熱NS1快速檢驗試劑之檢驗結果",
    "list": [
      "NS1陽性",
      "NS1陰性",
      "未確定"
    ]
  },
  {
    "type": "json",
    "file": "../json/disease_流行病學資料.json"
  },
  {
    "type": "h2",
    "title": "個案狀況維護與補充資料"
  },
  {
    "type": "radio",
    "title": "重症診斷條件",
    "list": [
      "有",
      "無"
    ]
  },
  {
    "type": "checkbox",
    "list": [
      "嚴重血漿滲漏導致休克",
      "嚴重出血(由臨床醫師評估)",
      "嚴重血漿滲漏導致體液蓄積及呼吸窘迫",
      "嚴重器官損傷",
      "肝臟（GOT或GPT>=1000 IU/L）",
      "中樞神經系統：意識受損",
      "心臟衰竭"
    ],
    "input": "其他器官損傷"
  }
]