[
  {
    "type": "diseaseName",
    "title": "漢生病"
  },
  {
    "type": "radio",
    "title": "臨床症狀",
    "text": "有無症狀",
    "list": [
      "有",
      "無"
    ]
  },
  {
    "type": "checkbox",
    "title": "主要症狀",
    "list": [
      "神經腫大",
      "斑疹",
      "皮膚結節",
      "皮膚病灶出現感覺喪失",
      "某神經支配皮膚區出現感覺喪失",
      "丘疹"
    ],
    "input": "其他"
  },
  {
    "type": "radio",
    "title": "通報時檢驗資料",
    "list": [
      "切片或抹片陽性，漢生病",
      "切片或抹片陰性，漢生病",
      "非漢生病"
    ]
  },
  {
    "type": "json",
    "file": "../json/disease_流行病學資料.json"
  }
]
