[
  {
    "type": "diseaseName",
    "title": "流行性腦脊髓膜炎"
  },
  {
    "type": "radio",
    "title": "臨床症狀",
    "text": "有無症狀",
    "list": [
      "有",
      "無"
    ]
  },
  {
    "type": "checkbox",
    "title": "主要症狀",
    "list": [
      "出血性皮疹",
      "休克",
      "畏光",
      "昏迷",
      "發燒",
      "紫斑",
      "嘔吐",
      "頸部僵硬",
      "頭痛",
      "噁心",
      "抽搐",
      "意識障礙"
    ],
    "input": "其他症狀"
  },
  {
    "type": "json",
    "file": "../json/disease_流行病學資料有疫苗.json"
  }
]
