[
  {
    "type": "diseaseName",
    "title": "德國麻疹"
  },
  {
    "type": "radio",
    "title": "臨床症狀",
    "text": "有無症狀",
    "list": [
      "有",
      "無"
    ]
  },
  {
    "type": "checkbox",
    "title": "主要症狀",
    "list": [
      "斑丘疹",
      "發燒",
      "頸部淋巴腺腫大",
      "關節炎",
      "結膜炎"
    ],
    "input": "其他症狀"
  },
  {
    "type": "checkbox",
    "title": "此為病例調查表之臨床症狀部分",
    "list": [
      "全身出現斑丘疹(maculopapular rash)",
      "發燒(fever)",
      "結膜炎(conjunctivitis)",
      "關節炎(arthritis)",
      "頸部淋巴腺腫大(lymphadenopathy)"
    ]
  },
  {
    "type": "json",
    "file": "../json/disease_流行病學資料有疫苗.json"
  }
]
