[
  {
    "type": "diseaseName",
    "title": "HIb"
  },
  {
    "type": "radio",
    "title": "臨床症狀",
    "text": "有無症狀",
    "list": [
      "有",
      "無"
    ]
  },
  {
    "type": "checkbox",
    "title": "主要症狀",
    "list": [
      "休克",
      "吞嚥困難",
      "角弓反張",
      "呼吸困難",
      "呼吸過速",
      "咳嗽",
      "流口水",
      "活動力差",
      "患部腫痛",
      "發燒",
      "嗜睡",
      "嘔吐",
      "頸部僵硬",
      "頭痛"
    ],
    "input": "其他症狀"
  },
  {
    "type": "h4",
    "title": "臨床診斷(必填)"
  },
  {
    "type": "checkbox",
    "list": [
      [
        "checkbox",
        "腦膜炎"
      ],
      [
        "checkbox",
        "菌血症"
      ],
      [
        "checkbox",
        "肺炎"
      ],
      [
        "checkbox",
        "蜂窩組織炎"
      ],
      [
        "checkbox",
        "敗血性關節炎"
      ],
      [
        "checkbox",
        "骨髓炎"
      ],
      [
        "checkbox",
        "會厭炎"
      ],
      [
        "input",
        "其他"
      ]
    ]
  },
  {
    "type": "json",
    "file": "../json/disease_流行病學資料有疫苗.json"
  }
]
