[
  {
    "type": "diseaseName",
    "title": "急性無力肢體麻痺"
  },
  {
    "type": "radio",
    "title": "臨床症狀",
    "text": "有無症狀",
    "list": [
      "有",
      "無"
    ]
  },
  {
    "type": "checkbox",
    "title": "主要症狀",
    "list": [
      "吞嚥困難",
      "呼吸困難",
      "急性無力肢體麻痺",
      "發燒",
      "頸部僵硬",
      "頭痛",
      "全身倦怠"
    ],
    "input": "其他症狀"
  },
  {
    "type": "json",
    "file": "../json/disease_流行病學資料有疫苗.json"
  }
]