[
  {
    "type": "diseaseName",
    "title": "桿菌性痢疾"
  },
  {
    "type": "radio",
    "title": "臨床症狀",
    "text": "有無症狀",
    "list": [
      "有",
      "無"
    ]
  },
  {
    "type": "checkbox",
    "title": "主要症狀",
    "list": [
      "水樣便",
      "血便",
      "發燒",
      "腹痛",
      "腹瀉",
      "嘔吐",
      "黏液便",
      "噁心",
      "裏急後重"
    ],
    "input": "其他"
  },
  {
    "type": "h2",
    "title": "通報時檢驗資料"
  },
  {
    "type": "radio",
    "title": "方法一",
    "list": [
      "病原體檢驗方法",
      "採檢日",
      "檢體種類",
      "檢出病原體類別(大類)",
      "檢出病原體類別(細項)"
    ],
    "input": "備註"
  },
  {
    "type": "radio",
    "title": "方法二",
    "list": [
      "病原體檢驗方法",
      "採檢日",
      "檢體種類",
      "檢出病原體類別(大類)",
      "檢出病原體類別(細項)"
    ],
    "input": "備註"
  },
  {
    "type": "radio",
    "title": "方法三",
    "list": [
      "病原體檢驗方法",
      "採檢日",
      "檢體種類",
      "檢出病原體類別(大類)",
      "檢出病原體類別(細項)"
    ],
    "input": "備註"
  },
  {
    "type": "json",
    "file": "../json/disease_流行病學資料.json"
  }
]