[
  {
    "type": "diseaseName",
    "title": "炭疽病"
  },
  {
    "type": "radio",
    "title": "臨床症狀",
    "text": "有無症狀",
    "list": [
      "有",
      "無"
    ]
  },
  {
    "type": "checkbox",
    "title": "主要症狀",
    "list": [
      "皮膚型：皮膚潰瘍從丘疹進展到水泡、黑色焦痂，伴隨輕微到嚴重的水腫",
      "腸胃型：腹部不適，如：噁心、嘔吐、食慾缺乏，接著出現發燒",
      "吸入型：短暫的前驅症狀類似急性病毒性呼吸疾病，接著出現急遽發生的缺氧、呼吸困難及高燒，伴隨X光有縱隔腔變寬情形",
      "腦膜/腦炎型：發燒合併以下任一症狀意識喪失、抽蓄、或腦膜炎症狀"
    ],
    "input": "其他症狀"
  },
  {
    "type": "json",
    "file": "../json/disease_流行病學資料有疫苗.json"
  }
]