[
  {
    "type": "diseaseName",
    "title": "伊波拉病毒感染"
  },
  {
    "type": "radio",
    "title": "臨床症狀",
    "text": "有無症狀",
    "list": [
      "有",
      "無"
    ]
  },
  {
    "type": "checkbox",
    "title": "主要症狀",
    "list": [
      "出血症狀",
      "肌肉痛",
      "發燒",
      "腹痛",
      "腹瀉",
      "嘔吐",
      "頭痛",
      "噁心",
      "突發性不明原因死亡"
    ],
    "input": "其他症狀"
  },
  {
    "type": "json",
    "file": "../json/disease_流行病學資料有疫苗.json"
  }
]
