[
  {
    "type": "diseaseName",
    "title": "霍亂"
  },
  {
    "type": "radio",
    "title": "臨床症狀",
    "text": "有無症狀",
    "list": [
      "有",
      "無"
    ]
  },
  {
    "type": "checkbox",
    "title": "主要症狀",
    "list": [
      "水樣便",
      "皮疹/紅疹/出疹",
      "血便",
      "便秘",
      "咳嗽",
      "發燒",
      "腹痛",
      "腹瀉",
      "嘔吐",
      "頭痛",
      "黏液便"
    ],
    "input": "其他症狀"
  },
  {
    "type": "json",
    "file": "../json/disease_流行病學資料有疫苗.json"
  }
]