[
  {
    "type": "diseaseName",
    "title": "恙蟲病"
  },
  {
    "type": "radio",
    "title": "臨床症狀",
    "text": "有無症狀",
    "list": [
      "有",
      "無"
    ]
  },
  {
    "type": "checkbox",
    "title": "主要症狀",
    "list": [
      "皮疹/紅疹/出疹",
      "皮膚焦痂",
      "肺炎",
      "畏寒/寒顫",
      "背痛",
      "淋巴腺腫大",
      "發燒",
      "頭痛",
      "盜汗",
      "肝功能異常"
    ],
    "input": "其他症狀"
  },
  {
    "type": "json",
    "file": "../json/disease_流行病學資料有疫苗.json"
  },
  {
    "type": "h2",
    "title": "個案狀況維護與補充資料"
  }
]