[
  {
    "type": "diseaseName",
    "title": "黃熱病"
  },
  {
    "type": "radio",
    "title": "臨床症狀",
    "text": "有無症狀",
    "list": [
      "有",
      "無"
    ]
  },
  {
    "type": "checkbox",
    "title": "主要症狀",
    "list": [
      "肌肉痛",
      "背痛",
      "發燒",
      "虛脫",
      "嘔吐",
      "頭痛",
      "噁心",
      "肝功能異常",
      "猝發性冷顫"
    ],
    "input": "其他症狀"
  },
  {
    "type": "json",
    "file": "../json/disease_流行病學資料有疫苗.json"
  }
]