[
  {
    "type": "diseaseName",
    "title": "馬堡病毒出血熱"
  },
  {
    "type": "radio",
    "title": "臨床症狀",
    "text": "有無症狀",
    "list": [
      "有",
      "無"
    ]
  },
  {
    "type": "checkbox",
    "title": "主要症狀",
    "list": [
      "出血症狀",
      "肌肉痛",
      "吞嚥困難",
      "發燒",
      "紫斑",
      "腹痛",
      "腹瀉",
      "嘔吐",
      "頭痛",
      "噁心",
      "突發性不明原因死亡",
      "中樞神經系統症狀",
      "丘疹"
    ],
    "input": "其他症狀"
  },
  {
    "type": "json",
    "file": "../json/disease_流行病學資料有疫苗.json"
  }
]