[
  {
    "type": "diseaseName",
    "title": "A肝"
  },
  {
    "type": "radio",
    "title": "臨床症狀",
    "text": "有無症狀",
    "list": [
      "有",
      "無"
    ]
  },
  {
    "type": "checkbox",
    "title": "主要症狀",
    "list": [
      "大便變成白色或比平常顏色淡許多",
      "皮疹/紅疹/出疹",
      "皮膚癢",
      "食慾不振",
      "茶色小便",
      "發燒",
      "黃疸",
      "腹痛",
      "嘔吐",
      "頭痛",
      "關節痛",
      "噁心",
      "全身倦怠",
      "腹部不舒服"
    ],
    "input": "其他"
  },
  {
    "type": "radio",
    "title": "通報時檢驗資料",
    "text": "血清學A型肝炎IgM抗體(IgM anti-HAV)檢測",
    "tip": "本項檢測應由疾病管制署傳染病認可檢驗機構檢驗",
    "list": [
      "陽性",
      "陰性",
      "無檢驗"
    ]
  },
  {
    "type": "input",
    "title": "ALT 檢驗值："
  },
  {
    "type": "h2",
    "title": "流行病學資料"
  },
  {
    "type": "select",
    "title": "職業",
    "list": [
      "學生",
      "工程師",
      "1",
      "2",
      "3",
      "4"
    ]
  },
  {
    "type": "radio",
    "title": "旅遊史",
    "list": [
      "有",
      "無"
    ]
  },
  {
    "type": "checkbox",
    "title": "旅遊史類別",
    "list": [
      "國內旅遊史",
      "國外旅遊史",
      "國外居住史"
    ]
  },
  {
    "type": "h3",
    "title": "國內旅遊史"
  },
  {
    "type": "input",
    "title": "縣市"
  },
  {
    "type": "date",
    "title": "起始日期"
  },
  {
    "type": "date",
    "title": "結束日期"
  },
  {
    "type": "addRecord",
    "title": "＋ 新增一筆國內旅遊史"
  },
  {
    "type": "h3",
    "title": "國外旅遊史"
  },
  {
    "type": "input",
    "title": "國家"
  },
  {
    "type": "date",
    "title": "起始日期"
  },
  {
    "type": "date",
    "title": "結束日期"
  },
  {
    "type": "addRecord",
    "title": "＋ 新增一筆國外旅遊史"
  },
  {
    "type": "date",
    "title": "移民署入境日期"
  },
  {
    "type": "date",
    "title": "移民署最後離境國"
  },
  {
    "type": "h3",
    "title": "國外居住史"
  },
  {
    "type": "input",
    "title": "國家別"
  },
  {
    "type": "date",
    "title": "離境日期"
  },
  {
    "type": "date",
    "title": "入境日期"
  },
  {
    "type": "addRecord",
    "title": "＋ 新增一筆國外居住史"
  },
  {
    "type": "radio",
    "title": "動物接觸史",
    "list": [
      "有",
      "無"
    ]
  },
  {
    "type": "select",
    "title": "接觸動物種類",
    "list": [
      "1",
      "2",
      "3",
      "4"
    ]
  },
  {
    "type": "h3",
    "title": "通報疾病相關NIIS接種紀錄"
  },
  {
    "type": "input",
    "title": "疫苗名稱"
  },
  {
    "type": "input",
    "title": "接種劑次"
  },
  {
    "type": "input",
    "title": "接種日期"
  }
]