[
  {
    "type": "diseaseName",
    "title": "漢他病毒肺症候群"
  },
  {
    "type": "radio",
    "title": "臨床症狀",
    "text": "有無症狀",
    "list": [
      "有",
      "無"
    ]
  },
  {
    "type": "checkbox",
    "title": "主要症狀",
    "list": [
      "發燒",
      "急性呼吸窘迫症候群",
      "兩側肺部呈現瀰漫間質性水腫",
      "不明原因呼吸性疾病致死",
      "經屍體解剖發現非心源性肺水腫，且原因仍不明"
    ],
    "input": "其他症狀"
  },
  {
    "type": "json",
    "file": "../json/disease_流行病學資料有疫苗.json"
  }
]