[
  {
    "type": "diseaseName",
    "title": "Q熱"
  },
  {
    "type": "radio",
    "title": "臨床症狀",
    "text": "有無症狀",
    "list": [
      "有",
      "無"
    ]
  },
  {
    "type": "checkbox",
    "title": "主要症狀",
    "list": [
      "肌肉酸痛",
      "肺炎",
      "畏寒/寒顫",
      "發燒",
      "腹瀉",
      "腦膜腦炎",
      "嘔吐",
      "頭痛",
      "噁心",
      "盜汗",
      "身體不適",
      "急性肝炎",
      "急性黃疸"
    ],
    "input": "其他症狀"
  },
  {
    "type": "json",
    "file": "../json/disease_流行病學資料有疫苗.json"
  }
]