[
  {
    "type": "diseaseName",
    "title": "D肝"
  },
  {
    "type": "h2",
    "title": "臨床症狀"
  },
  {
    "type": "radio",
    "title": "臨床症狀",
    "text": "有無症狀",
    "list": [
      "有",
      "無"
    ]
  },
  {
    "type": "checkbox",
    "title": "主要症狀",
    "list": [
      "大便變成白色或比平常顏色淡許多",
      "皮疹/紅疹/出疹",
      "皮膚癢",
      "食慾不振",
      "茶色小便",
      "發燒",
      "黃疸",
      "腹痛",
      "嘔吐",
      "頭痛",
      "關節痛",
      "噁心",
      "全身倦怠",
      "腹部不舒服"
    ],
    "input": "其他症狀"
  },
  {
    "type": "h2",
    "title": "通報時檢驗資料"
  },
  {
    "type": "checkbox",
    "list": [
      "血清學B型肝炎表面抗原(HBsAg)抗原檢測：陽性"
    ]
  },
  {
    "type": "input",
    "title": "ALT 檢驗值："
  },
  {
    "type": "h4",
    "title": "本項檢測應由衛生福利部疾病管制署傳染病認可檢驗機構檢驗"
  },
  {
    "type": "json",
    "file": "../json/disease_流行病學資料有疫苗.json"
  }
]
