[
  {
    "type": "diseaseName",
    "title": "新生兒破傷風"
  },
  {
    "type": "radio",
    "title": "臨床症狀",
    "text": "有無症狀",
    "list": [
      "有",
      "無"
    ]
  },
  {
    "type": "checkbox",
    "title": "主要症狀",
    "list": [
      "牙關緊閉",
      "全身肌肉僵直",
      "吸奶困難",
      "角弓反張",
      "哭泣微弱",
      "痙攣"
    ],
    "input": "其他"
  },
  {
    "type": "json",
    "file": "../json/disease_流行病學資料.json"
  }
]
