[
  {
    "type": "diseaseName",
    "title": "白喉"
  },
  {
    "type": "radio",
    "title": "臨床症狀",
    "text": "有無症狀",
    "list": [
      "有",
      "無"
    ]
  },
  {
    "type": "checkbox",
    "title": "主要症狀",
    "list": [
      "呼吸道白喉：扁桃腺、咽喉、鼻、急性感染，因外毒素致組織壞死形成灰白色膜(偽膜)，並伴有喉嚨發炎、喉嚨痛、輕微發熱",
      "皮膚白喉：持久不癒的皮膚感染及潰瘍，可能形成膿?並被偽膜覆蓋"
    ],
    "input": "其他症狀"
  },
  {
    "type": "json",
    "file": "../json/disease_流行病學資料有疫苗.json"
  }
]