[
  {
    "type": "diseaseName",
    "title": "天花"
  },
  {
    "type": "radio",
    "title": "臨床症狀",
    "text": "有無症狀",
    "list": [
      "有",
      "無"
    ]
  },
  {
    "type": "h3",
    "title": "臨床條件"
  },
  {
    "type": "checkbox",
    "title": "一、爆發流行前，同時符合下列條件",
    "list": [
      "(一)突然發燒38.3°C（101°F）以上。",
      "(二)接著會依序出現不同型態及進展一致的皮膚病灶如紅疹、丘疹、水泡或膿疱。",
      "(三)無其他明顯病因，能與水痘（VZV）做鑑別診斷。"
    ]
  },
  {
    "type": "checkbox",
    "title": "二、爆發流行時：於發現第一例天花病例後，具有下列任一個條件",
    "list": [
      "(一)發燒1至4天後出現皮疹，且演進的發展性皮疹。",
      "(二)突然發燒38.3°C（101°F）以上；或並未出現符合臨床通報定義之疹狀。"
    ]
  },
  {
    "type": "json",
    "file": "../json/disease_流行病學資料.json"
  },
  {
    "type": "h3",
    "title": "通報疾病相關NIIS接種紀錄"
  },
  {
    "type": "checkbox",
    "list": [
      [
        "input",
        "疫苗名稱"
      ],
      [
        "input",
        "接種劑次"
      ],
      [
        "input",
        "接種日期"
      ]
    ]
  }
]
