[
  {
    "type": "diseaseName",
    "title": "新型A型流感"
  },
  {
    "type": "radio",
    "title": "臨床症狀",
    "text": "有無症狀",
    "list": [
      "有",
      "無"
    ]
  },
  {
    "type": "checkbox",
    "title": "主要症狀",
    "list": [
      "肌肉酸痛",
      "呼吸困難",
      "咳嗽",
      "流鼻水",
      "喉嚨痛",
      "發燒",
      "腹瀉",
      "嘔吐",
      "結膜炎",
      "全身倦怠",
      "其他"
    ],
    "input": "其他症狀"
  },
  {
    "type": "checkbox",
    "title": "臨床條件",
    "list": [
      "一、急性呼吸道感染、臨床症狀可能包括發燒（≧38℃）、咳嗽等",
      "二、臨床、放射線診斷或病理學上顯示肺部實質疾病"
    ]
  },
  {
    "type": "h2",
    "title": "通報時檢驗資料",
    "text": "無"
  },
  {
    "type": "h2",
    "title": "流行病學資料"
  },
  {
    "type": "select",
    "title": "職業",
    "list": [
      "學生",
      "工程師",
      "1",
      "2",
      "3",
      "4"
    ]
  },
  {
    "type": "radio",
    "title": "旅遊史",
    "list": [
      "有",
      "無"
    ]
  },
  {
    "type": "checkbox",
    "title": "旅遊史類別",
    "list": [
      "國內旅遊史",
      "國外旅遊史",
      "外籍人士國外居住史"
    ]
  },
  {
    "type": "h3",
    "title": "國內旅遊史"
  },
  {
    "type": "input",
    "title": "縣市"
  },
  {
    "type": "date",
    "title": "起始日期"
  },
  {
    "type": "date",
    "title": "結束日期"
  },
  {
    "type": "addRecord",
    "title": "＋ 新增一筆國內旅遊史"
  },
  {
    "type": "h3",
    "title": "國外旅遊史"
  },
  {
    "type": "input",
    "title": "國家"
  },
  {
    "type": "date",
    "title": "起始日期"
  },
  {
    "type": "date",
    "title": "結束日期"
  },
  {
    "type": "addRecord",
    "title": "＋ 新增一筆國外旅遊史"
  },
  {
    "type": "h3",
    "title": "外籍人士國外居住史"
  },
  {
    "type": "input",
    "title": "國家"
  },
  {
    "type": "date",
    "title": "離境日期"
  },
  {
    "type": "date",
    "title": "入境日期"
  },
  {
    "type": "addRecord",
    "title": "＋ 新增一筆國外居住史"
  },
  {
    "type": "radio",
    "title": "動物接觸史",
    "list": [
      "有",
      "無"
    ]
  },
  {
    "type": "select",
    "title": "接觸動物種類",
    "list": [
      "1",
      "2",
      "3",
      "4"
    ]
  },
  {
    "type": "h3",
    "title": "通報疾病相關NIIS接種紀錄"
  },
  {
    "type": "input",
    "title": "疫苗名稱"
  },
  {
    "type": "input",
    "title": "接種劑次"
  },
  {
    "type": "input",
    "title": "接種日期"
  },
  {
    "type": "addRecord",
    "title": "＋ 新增一筆紀錄"
  },
  {
    "type": "checkbox",
    "title": "流行病學條件：",
    "list": [
      "一、曾經與出現症狀的極可能或確定病例有密切接觸，包括在無適當防護下提供照護、相處、或有呼吸道分泌物、體液之直接接觸",
      "二、曾至有出現新型A型流感流行疫情地區之旅遊史或居住史。",
      "三、曾有禽鳥、豬接觸史或至禽鳥、豬相關場所",
      "四、在實驗室或其他環境，無適當防護下處理動物或人類之檢體，而該檢體可能含有新型A型流感病毒"
    ]
  },
  {
    "type": "radio",
    "title": "慢性疾病病史：",
    "list": [
      "有",
      "無"
    ]
  },
  {
    "type": "checkbox",
    "title": "若為[有]時，需選擇下列類別至少一項：",
    "list": [
      "(1)精神疾病",
      "(2)神經肌肉疾病",
      "(3)慢性肺疾(如氣喘、慢性阻塞性肺疾等)",
      "(4)代謝性疾病(如糖尿病、高血脂等)",
      "(5)心血管疾病(高血壓除外)",
      "(6)肝臟疾病(如肝炎、肝硬化等)",
      "(7)腎臟疾病(如慢性腎功能不全、長期接受血液或腹膜透析等)",
      "(8)仍在治療中或未治癒之癌症",
      "(9)懷孕(勾選此項者，懷孕週數必填)",
      "(10)其他"
    ]
  },
  {
    "type": "input",
    "title": "懷孕週數"
  },
  {
    "type": "input",
    "title": "其他"
  }
]
