[
  {
    "type": "diseaseName",
    "title": "布氏桿菌"
  },
  {
    "type": "checkbox",
    "title": "主要症狀",
    "list": [
      "其他",
      "肌肉酸痛",
      "肝臟腫大",
      "食慾不振",
      "發燒",
      "頭痛",
      "關節痛",
      "體重減輕",
      "全身倦怠",
      "盜汗",
      "心內膜炎",
      "腦膜炎",
      "脾臟腫大",
      "憂鬱",
      "睪丸炎",
      "卵巢炎"
    ],
    "input": "其他"
  },
  {
    "type": "radio",
    "title": "臨床症狀",
    "text": "有無症狀",
    "list": [
      "有",
      "無"
    ]
  },
  {
    "type": "radio",
    "title": "醫院自行檢驗資料",
    "text": "勾選此項者，各選項至少必選一項",
    "list": [
      "分離並鑑定出布氏桿菌屬",
      "血清學抗體檢測陽性"
    ]
  },
  {
    "type": "h2",
    "title": "流行病學資料"
  },
  {
    "type": "select",
    "title": "職業",
    "list": [
      "學生",
      "工程師",
      "1",
      "2",
      "3",
      "4"
    ]
  },
  {
    "type": "radio",
    "title": "職業為獸醫從業人員",
    "list": [
      "是",
      "否"
    ]
  },
  {
    "type": "radio",
    "title": "職業為動物實驗室人員",
    "list": [
      "是",
      "否"
    ]
  },
  {
    "type": "radio",
    "title": "旅遊史",
    "list": [
      "有",
      "無"
    ]
  },
  {
    "type": "checkbox",
    "title": "旅遊史類別",
    "list": [
      "國內旅遊史",
      "國外旅遊史",
      "外籍人士國外居住史"
    ]
  },
  {
    "type": "h3",
    "title": "國內旅遊史"
  },
  {
    "type": "input",
    "title": "縣市"
  },
  {
    "type": "date",
    "title": "起始日期"
  },
  {
    "type": "date",
    "title": "結束日期"
  },
  {
    "type": "addRecord",
    "title": "＋ 新增一筆國內旅遊史"
  },
  {
    "type": "h3",
    "title": "國外旅遊史"
  },
  {
    "type": "input",
    "title": "國家"
  },
  {
    "type": "date",
    "title": "起始日期"
  },
  {
    "type": "date",
    "title": "結束日期"
  },
  {
    "type": "date",
    "title": "移民署入境日期"
  },
  {
    "type": "date",
    "title": "移民署最後離境國"
  },
  {
    "type": "addRecord",
    "title": "＋ 新增一筆國外旅遊史"
  },
  {
    "type": "h3",
    "title": "外籍人士國外居住史"
  },
  {
    "type": "input",
    "title": "國家"
  },
  {
    "type": "date",
    "title": "離境日期"
  },
  {
    "type": "date",
    "title": "入境日期"
  },
  {
    "type": "addRecord",
    "title": "＋ 新增一筆國外居住史"
  },
  {
    "type": "radio",
    "title": "動物接觸史",
    "list": [
      "有",
      "無"
    ]
  },
  {
    "type": "select",
    "title": "接觸動物種類",
    "list": [
      "1",
      "2",
      "3",
      "4"
    ]
  },
  {
    "type": "select",
    "title": "接觸動物種類",
    "list": [
      "無",
      "有 ;種類(下拉選單)   ",
      "牛奶或羊奶",
      "未煮熟的牛肉或羊肉",
      "起司或乳酪"
    ],
    "input": "其他"
  }
]