[
  {
    "type": "diseaseName",
    "title": "類鼻疽"
  },
  {
    "type": "radio",
    "title": "臨床症狀",
    "text": "有無症狀",
    "list": [
      "有",
      "無"
    ]
  },
  {
    "type": "checkbox",
    "title": "主要症狀",
    "list": [
      "其他"
    ],
    "input": "其他症狀"
  },
  {
    "type": "radio",
    "title": "警示癥象",
    "text": "腹部疼痛及壓痛、持續性嘔吐、臨床上體液蓄積（腹水、胸水……）、黏膜出血、嗜睡/躁動不安、肝臟腫大超出肋骨下緣2公分、血比容增加（上升20%）伴隨血小板急速下降",
    "list": [
      "有(符合以上任一項)",
      "無"
    ]
  },
  {
    "type": "json",
    "file": "../json/disease_流行病學資料.json"
  }
]