[
  {
    "type": "diseaseName",
    "title": "裂谷熱"
  },
  {
    "type": "radio",
    "title": "臨床症狀",
    "text": "有無症狀",
    "list": [
      "有",
      "無"
    ]
  },
  {
    "type": "checkbox",
    "title": "主要症狀",
    "list": [
      "出血症狀",
      "肌肉痛",
      "發燒",
      "頭痛",
      "關節痛",
      "腦炎",
      "視網膜病變",
      "畏光"
    ],
    "input": "其他症狀"
  },
  {
    "type": "json",
    "file": "../json/disease_流行病學資料有疫苗.json"
  }
]