[
  {
    "type": "diseaseName",
    "title": "淋病"
  },
  {
    "type": "radio",
    "title": "臨床症狀",
    "text": "有無症狀",
    "list": [
      "有",
      "無"
    ]
  },
  {
    "type": "checkbox",
    "title": "主要症狀",
    "list": [
      "子宮頸炎",
      "尿道炎",
      "直腸感染",
      "子宮內膜炎",
      "輸卵管炎",
      "骨盤腔腹膜炎",
      "外陰陰道炎",
      "新生兒淋菌性結膜炎",
      "淋病性關節炎"
    ],
    "input": "其他"
  },
  {
    "type": "h2",
    "title": "通報時檢驗資料"
  },
  {
    "type": "checkbox",
    "title": "具備下列其中一種以上淋病雙球菌實驗室診斷",
    "list": [
      "細菌培養",
      "染色鏡檢",
      "PCR或其他檢驗方式偵測出淋菌抗原或基因"
    ]
  },
  {
    "type": "json",
    "file": "../json/disease_流行病學資料.json"
  }
]
