[
  {
    "type": "diseaseName",
    "title": "萊姆病"
  },
  {
    "type": "radio",
    "title": "臨床症狀",
    "text": "有無症狀",
    "list": [
      "有",
      "無"
    ]
  },
  {
    "type": "checkbox",
    "title": "主要症狀",
    "list": [
      "肌肉痛",
      "淋巴腺腫大",
      "喉嚨痛",
      "發燒",
      "頸部僵硬",
      "頭痛",
      "遊走性紅斑",
      "神經根發炎"
    ],
    "input": "其他"
  },
  {
    "type": "json",
    "file": "../json/disease_流行病學資料有疫苗.json"
  }
]