[
  {
    "type": "diseaseName",
    "title": "百日咳"
  },
  {
    "type": "radio",
    "title": "臨床症狀",
    "text": "有無症狀",
    "list": [
      "有",
      "無"
    ]
  },
  {
    "type": "checkbox",
    "title": "主要症狀",
    "list": [
      "咳嗽",
      "流鼻水",
      "哮聲",
      "陣發性咳嗽",
      "窒息",
      "發紺",
      "嘔吐"
    ],
    "input": "其他症狀"
  },
  {
    "type": "json",
    "file": "../json/disease_流行病學資料有疫苗.json"
  },
  {
    "type": "h2",
    "title": "個案狀況維護與補充資料"
  }
]