[
  {
    "type": "diseaseName",
    "title": "西尼羅熱"
  },
  {
    "type": "radio",
    "title": "臨床症狀",
    "text": "有無症狀",
    "list": [
      "有",
      "無"
    ]
  },
  {
    "type": "checkbox",
    "title": "主要症狀",
    "list": [
      "斑丘症",
      "肌肉痛",
      "急性無力肢體麻痺",
      "發燒",
      "頭痛",
      "關節痛",
      "腦炎",
      "全身倦怠",
      "腦膜炎",
      "腸胃道症狀"
    ],
    "input": "其他"
  },
  {
    "type": "json",
    "file": "../json/disease_流行病學資料.json"
  }
]
