[
  {
    "type": "diseaseName",
    "title": "B肝"
  },
  {
    "type": "radio",
    "title": "臨床症狀",
    "text": "有無症狀",
    "list": [
      "有",
      "無"
    ]
  },
  {
    "type": "checkbox",
    "title": "主要症狀",
    "list": [
      "大便變成白色或比平常顏色淡許多",
      "皮疹/紅疹/出疹",
      "皮膚癢",
      "食慾不振",
      "茶色小便",
      "發燒",
      "黃疸",
      "腹痛",
      "嘔吐",
      "頭痛",
      "關節痛",
      "噁心",
      "全身倦怠",
      "腹部不舒服"
    ],
    "input": "其他症狀"
  },
  {
    "type": "radio",
    "title": "經醫師臨床診斷「排除慢性肝炎急性發作或其他原因引起之肝功能異常發炎」：",
    "list": [
      "是",
      "否",
      "通報醫師研判為不明"
    ]
  },
  {
    "type": "radio",
    "title": "通報時檢驗資料",
    "text": "血清學B型肝炎IgM核心抗體(IgM anti-HBc)檢測：",
    "list": [
      "陽性",
      "陰性",
      "無檢驗"
    ]
  },
  {
    "type": "radio",
    "title": "通報時檢驗資料",
    "text": "本項檢測應由疾病管制署傳染病認可檢驗機構檢驗",
    "list": [
      "陽性",
      "陰性",
      "無檢驗"
    ],
    "input": "ALT 檢驗值："
  }
]