[
  {
    "type": "diseaseName",
    "title": "副傷寒"
  },
  {
    "type": "radio",
    "title": "臨床症狀",
    "text": "有無症狀",
    "list": [
      "有",
      "無"
    ]
  },
  {
    "type": "checkbox",
    "title": "主要症狀",
    "list": [
      "皮疹/紅疹/出疹",
      "便秘",
      "腹瀉",
      "頭痛",
      "身體不適",
      "持續性發燒",
      "相對性心跳過慢",
      "脾臟腫大",
      "厭食",
      "腸道淋巴組織病變"
    ],
    "input": "其他症狀"
  },
  {
    "type": "json",
    "file": "../json/disease_流行病學資料有疫苗.json"
  }
]